model,AUC,PR-AUC,Recall,Precision
RandomForest (class_weight),0.9896443726005253,0.9741191406712872,0.900990099009901,0.9381443298969072
BalancedRandomForest,0.9855189600592712,0.9605526479025643,0.9405940594059405,0.811965811965812
